organization_id,organization_name,organization_type,organization_abn
2,Wise-Herrera,lender,15490450338
3,Howard-Johnson,lender,54791150423
4,Rogers and Sons,broker,60429478566
5,Bridges-Roberts,broker,70492820600
6,Hart-Howard,lender,18907002981
7,Burns Inc,broker,28254295977
8,"Ford, English and Fisher",broker,70604185222
9,Santos-Bennett,lender,76952776522
10,Parker-James,lender,27268728840
11,"Reese, Mckinney and Williams",lender,30065668240
12,Harris PLC,broker,23250059758
13,Henderson and Sons,lender,51018816994
14,Blair Inc,lender,33215679940
15,Jackson-Moore,lender,52165998026
16,Alexander-Martin,lender,96827482022
17,"Sanchez, Willis and Burns",lender,12939206164
18,Gonzales PLC,broker,40007406817
19,Bowers and Sons,lender,74976588382
20,"Davis, Montoya and Flores",lender,90711924503
21,Gates Inc,broker,55333885800
22,Hess PLC,lender,89654676643
23,Payne-Ball,broker,38401109109
24,Dixon PLC,broker,10999770593
25,Lara PLC,lender,17134791438
26,West and Sons,lender,59727519181
27,Evans-Barrera,lender,42786073148
28,Wiggins Group,lender,45311129135
29,"Mercado, Berger and Rowe",lender,72417296113
30,Berry and Sons,broker,70594784065
31,Cunningham Group,lender,25031727814
32,Dougherty-Smith,broker,21925998207
33,Gill Group,broker,24520146217
34,Guzman-Vazquez,lender,92711701232
35,Harrison Inc,lender,22889400585
36,Harris-Davis,lender,55075008238
37,"Powell, Garcia and Murphy",broker,71582464984
38,Becker-Burns,broker,48578557348
39,Heath LLC,broker,58122144647
,Thornton-Hopkins,lender,20472125767
